Designator,Mid X,Mid Y,Rotation,Layer
BZ1,38.4,4.4499,180.0,bottom
C1,4.95,48.7499,180.0,bottom
C10,61.15,14.4999,0.0,bottom
C11,54.0,13.1499,90.0,bottom
C12,55.175,17.6999,180.0,bottom
C13,40.2,28.8999,0.0,bottom
C14,54.2,30.2999,180.0,bottom
C15,40.75,31.0999,0.0,bottom
C16,45.25,28.8999,180.0,bottom
C17,44.7,31.0999,180.0,bottom
C18,76.325,8.8749,0.0,bottom
C19,21.1,21.0499,270.0,bottom
C2,29.1,47.6999,270.0,bottom
C20,19.53,13.5999,0.0,bottom
C21,79.9,48.1999,0.0,bottom
C22,64.5,32.9999,180.0,bottom
C23,8.5,12.2999,90.0,bottom
C24,88.9,43.3999,45.0,bottom
C25,12.7,18.5999,90.0,bottom
C26,8.2,21.5499,180.0,bottom
C27,5.86,15.2999,90.0,bottom
C28,2.0,18.2899,180.0,bottom
C29,2.0,16.3199,180.0,bottom
C3,27.05,47.6999,270.0,bottom
C30,10.25,23.9799,225.0,bottom
C31,17.25,25.3499,45.0,bottom
C32,18.6,26.7999,45.0,bottom
C33,86.73,7.0749,0.0,bottom
C4,78.125,6.2124,90.0,bottom
C5,69.9,5.7374,270.0,bottom
C6,24.58,4.1799,45.0,bottom
C7,11.675,28.4999,180.0,bottom
C8,85.0,22.5999,90.0,bottom
C9,74.5,12.8499,180.0,bottom
D1,17.07,14.6099,270.0,bottom
D2,55.9,12.2999,270.0,bottom
D3,38.6,8.3999,180.0,bottom
D5,31.0,35.3999,90.0,bottom
F1,18.58,10.5799,90.0,bottom
FB1,29.07,44.0999,90.0,bottom
FB2,87.38,22.4599,180.0,bottom
FB3,78.05,12.8399,0.0,bottom
J1,14.72,4.959,0.0,bottom
J2,75.3,50.408528,180.0,bottom
J3,47.5,35.24995,0.0,bottom
J4,86.68495,34.40975,90.0,bottom
J5,68.5,35.0999,180.0,bottom
J6,23.91145,15.6599,90.0,bottom
L1,57.0,5.4499,90.0,bottom
L2,4.2,10.7999,0.0,bottom
L3,16.0,22.4499,135.0,bottom
Q1,50.9,12.6499,90.0,bottom
Q2,19.66,17.5824,90.0,bottom
R1,4.8,47.0499,180.0,bottom
R11,71.5375,20.3249,0.0,bottom
R12,55.8,15.5999,180.0,bottom
R13,58.45,15.1999,90.0,bottom
R14,4.8,45.0999,180.0,bottom
R15,50.25,16.3999,270.0,bottom
R16,14.1,15.3999,0.0,bottom
R17,42.65,20.8499,270.0,bottom
R18,22.45,4.2399,225.0,bottom
R19,77.8,3.2999,180.0,bottom
R2,9.7,26.6599,0.0,bottom
R20,37.85,33.4999,270.0,bottom
R3,25.5,7.8999,90.0,bottom
R4,68.025,5.8374,270.0,bottom
R5,72.0,5.7499,270.0,bottom
R6,19.15,20.8499,180.0,bottom
R7,19.6,23.0999,90.0,bottom
R8,3.475,41.9249,180.0,bottom
R9,5.625,38.9749,90.0,bottom
RN1,88.4,16.7999,180.0,bottom
RN2,82.2,16.7999,0.0,bottom
RN3,77.25,37.4999,270.0,bottom
RN4,5.4,25.7999,270.0,bottom
RN5,77.25,33.1749,270.0,bottom
SW1,9.225071,34.356971,0.0,top
SW10,17.733,7.9999,0.0,top
SW11,68.733,16.7999,0.0,top
SW12,68.733,7.9999,0.0,top
SW13,26.245071,34.356971,0.0,top
SW14,26.253,25.5999,0.0,top
SW15,26.253,16.7999,0.0,top
SW16,26.233,7.9999,0.0,top
SW17,77.245071,34.356971,0.0,top
SW18,77.253,25.5999,0.0,top
SW19,34.745071,34.356971,0.0,top
SW2,9.233,25.5999,0.0,top
SW20,34.753,25.5999,0.0,top
SW21,34.733,16.7999,0.0,top
SW22,34.733,7.9999,0.0,top
SW23,77.253,16.7999,0.0,top
SW24,77.233,7.9999,0.0,top
SW25,43.245071,34.356971,0.0,top
SW26,43.253,25.5999,0.0,top
SW27,43.253,16.7999,0.0,top
SW28,43.233,7.9999,0.0,top
SW29,85.725071,34.356971,0.0,top
SW3,9.253,16.7999,0.0,top
SW30,85.753,25.5999,0.0,top
SW31,51.745071,34.356971,0.0,top
SW32,51.753,25.5999,0.0,top
SW33,51.753,16.7999,0.0,top
SW34,51.713,7.9999,0.0,top
SW35,85.753,16.7999,0.0,top
SW36,2.10635,38.6,90.0,bottom
SW37,60.225071,34.356971,0.0,top
SW38,60.253,25.5999,0.0,top
SW39,60.233,16.7999,0.0,top
SW4,43.375,14.6849,270.0,bottom
SW40,60.233,7.9999,0.0,top
SW41,85.7249,4.3211,0.0,bottom
SW5,68.725071,34.356971,0.0,top
SW6,68.733,25.5999,0.0,top
SW7,17.745071,34.356971,0.0,top
SW8,17.733,25.5999,0.0,top
SW9,17.753,16.7999,0.0,top
TH1,44.35,20.8499,270.0,bottom
U1,16.25,42.5599,0.0,bottom
U10,23.3,7.2999,180.0,bottom
U2,28.7,7.1999,270.0,bottom
U3,13.2,25.196956,45.0,bottom
U4,72.95,16.5499,90.0,bottom
U5,81.5874,21.4873,90.0,bottom
U6,13.8,10.6924,180.0,bottom
U7,59.2,11.7999,0.0,bottom
U8,75.15,5.6499,180.0,bottom
U9,8.9,17.8999,90.0,bottom
Y1,68.05,14.6999,270.0,bottom
