Designator,Footprint,Quantity,Value,LCSC Part #
"C1, C10, C3, C4, C5, C6, C7, C8, C9",0402,9,1uF,C52923
"C11, C12, C2",0805,3,4.7uF,C1779
"C13, C14",0402,2,0.1uF,C1525
"D1, D2, D3",D_SOD-123,3,MBR0530,C77336
J1,TouchSlider-12_50x10mm,1,Conn_01x12_Pin,
J2,AFE03-S25FMA-1H,1,~,C262544
J4,AFC01-S12FCA-00,1,Conn_01x12_Pin,C262661
L1,L_Cenker_CKCS5020,1,10uH,C52281
Q1,SOT-323_SC-70,1,Si1308EDL,C7603347
R1,0603,1,0.47R,C3013349
"R10, R11, R12, R13, R14, R15, R4, R5, R6, R7, R8, R9",0402,12,470R,C25117
R2,0805,1,10k,C17414
R3,0603,1,75k,C23242
RN1,R_Array_Concave_4x0603,1,4x10k,C29718
U1,UQFN-20_3x3mm_P0.4mm,1,MPR121QR2,C91322
"U2, U3, U4",USON-10_2.5x1.0mm_P0.5mm,3,TPD4E02B04DQA,
